足银999梳子,,YS002,367.36,2299
足银999梳子,,YS002,363.29,2299
足银999碗,,KB214,852.47,4099
足银999碗,,KB214,869.71,4199
足银999碗,,KB214,610.89,2599
足银999碗,,KB214,630.01,2599
足银999碗,,KB110,506.39,1999
足银摆件,,LP0461,495,2599
足银摆件,,LP0440,495,2599
足银摆件,,LP0350,429,1999
足银999勺子,,KB185,171.97,799
足银999勺子,,KB185,170.48,799
足银999勺子,,KB186,160.42,799
足银999勺子,,KB186,168.98,899
足银999餐具,备注:不含黄色部分,KB127,179.81,799
足银999餐具,备注:不含黄色部分,KB127,171.66,699
足银999勺子,,KB187,169.9,799
足银手镯,,KSB1201,119.46,699
足银手镯,,KSB1625,84.89,399
足银手镯,,KSB1626,88.39,499
足银手镯,,KSB1616,94.41,499
足银手镯,,KSB1634,107.52,599
足银手镯,,KSB1592,124.55,699
足银手镯,,KSB023,93.36,499
足银手镯,,KSB1608,99.32,499
足银手镯,,KSB1617,86.85,499
足银手镯,,KSB1583,92.16,499
足银手镯,,KSB1478,131.16,699
足银999手镯,,KSB1582,139.93,799
足银手镯,,KSB785,131.04,799
足银手镯,,KSB448,114.89,699
足银手镯,,KSB1266,172.86,999
足银手镯,,KSB765,215.64,1299
足银手镯,,KSB1436,177.02,1299
足银手镯,,KSB1434,122.19,699
足银合成立方氧化锆手镯,,KSB1638,80.76,399
足银合成立方氧化锆手镯,,KSB1638,80.18,399
足银合成立方氧化锆手镯,,KSB962,112.78,599
足银合成立方氧化锆手镯,,KSB1556,113.99,599
足银合成立方氧化锆手镯,,KSB1276,120.52,599
足银合成立方氧化锆手镯,,KSB1283,114.61,599
足银合成立方氧化锆手镯,,KSB735,107.04,499
足银合成立方氧化锆手镯,,KSB735,107.46,499
足银合成立方氧化锆手镯,,KSB735,104.04,499